"sep=;";;
Body Part;Exam Description;Full Protocol
ABDOMEN;XR Abdomen AP<br>XR Abdomen AP + Decub + Erect 3 Views<br>XR Abdomen AP + Decub or Erect 2 Views;<a href="https://drive.google.com/file/d/1kRorm6HUDJesOmLqJ2fUbOHBfvJmnbbN/view?usp=drive_link" target="_blank">ABDOMEN</a>
ACROMIOCLAVICULAR JOINTS;XR AC Jnts Wo or W Weights;<a href="https://drive.google.com/file/d/1iHiF1h2OiminHH85EX7sLUI9Guiu0epo/view?usp=drive_link" target="_blank">AC JOINTS</a>
ANKLE;XR Ankle 3+ Views Bil<br>XR Ankle 3+ Views Lt<br>XR Ankle 3+ Views Rt;<a href="https://drive.google.com/file/d/1b0Hq1BHfd4EEv_zwdkQqrt-wBvikQjzo/view?usp=drive_link" target="_blank">ANKLE</a>
BONE;XR Bone Age Study;<a href="https://drive.google.com/file/d/1el9TTXkvpEapGO_Nt-VJRDRkp2ggdYSY/view?usp=drive_link" target="_blank">BONE AGE</a>
CALCANEUS;XR Calcaneus 2+ Views Bil<br>XR Calcaneus 2+ Views Lt<br>XR Calcaneus 2+ Views Rt;<a href="https://drive.google.com/file/d/1FEY5Rj-GFwCZ2RXMJP38D8zLWXjlwHpU/view?usp=drive_link" target="_blank">CALCANEUS</a>
CHEST;XR Chest 1 View AP or PA<br>XR Chest 2 Views;<a href="https://drive.google.com/file/d/1DuJgflp-RdwsaSdRBsdg4aTjMLXCulyz/view?usp=drive_link" target="_blank">CHEST</a>
CLAVICLE;XR Clavicle Complete Bil<br>XR Clavicle Complete Lt<br>XR Clavicle Complete Rt;<a href="https://drive.google.com/file/d/1Y7FE5KShuM7dns706Ds5sgpHY0e9eiEU/view?usp=drive_link" target="_blank">CLAVICLE</a>
ELBOW;XR Elbow 2 Views Bil<br>XR Elbow 2 Views Lt<br>XR Elbow 2 Views Rt<br>XR Elbow 3+ Views Bil<br>XR Elbow 3+ Views Lt<br>XR Elbow 3+ Views Rt;<a href="https://drive.google.com/file/d/1NXF5xXCnxvF4YNa4yndWFxOlpdsPlaC_/view?usp=drive_link" target="_blank">ELBOW</a>
EYES, ORBITS;XR Eye Foreign Body Bil<br>XR Eye Foreign Body Lt<br>XR Eye Foreign Body Rt<br>XR Orbits 4+ Views;<a href="https://drive.google.com/file/d/1Jjf0LLBd13nNAhliw6edpgBng1x9-rnS/view?usp=drive_link" target="_blank">EYES, ORBITS</a>
FACIAL BONES;XR Facial Bones 3+ Views;<a href="https://drive.google.com/file/d/1nskfP2ni4kFuZaBuoy9WgxF24kt2nryx/view?usp=drive_link" target="_blank">FACIAL BONES</a>
FEMUR;XR Femur 2+ Views Bil<br>XR Femur 2+ Views Lt<br>XR Femur 2+ Views Rt;<a href="https://drive.google.com/file/d/1KHeZXn73hOTQanOc8j83v2mUeUTotWZV/view?usp=drive_link" target="_blank">FEMUR</a>
FINGER;XR Finger 2+ Views Lt<br>XR Finger 2+ Views Rt;<a href="https://drive.google.com/file/d/1q3794SpiLF4BheOYKukCj5NSdDP4kJx4/view?usp=drive_link" target="_blank">FINGER</a>
FOOT;XR Foot 3+ Views Bil<br>XR Foot 3+ Views Lt<br>XR Foot 3+ Views Rt;<a href="https://drive.google.com/file/d/1VVLCBO8gke4NVsI4TH2EhzXWDPShKaFy/view?usp=drive_link" target="_blank">FOOT</a>
FOREARM;XR Forearm 2 Views Bil<br>XR Forearm 2 Views Lt<br>XR Forearm 2 Views Rt;<a href="https://drive.google.com/file/d/14zopVAtsACZcB1cEpW1_UORB4bu5QHDE/view?usp=drive_link" target="_blank">FOREARM</a>
HAND;XR Hand 3+ Views Bil<br>XR Hand 3+ Views Lt<br>XR Hand 3+ Views Rt;<a href="https://drive.google.com/file/d/1DKJ4cCi3pLHOh7e4lNlXMapHmE_qZShc/view?usp=drive_link" target="_blank">HAND</a>
HIP, PELVIS;XR Hip w Pelvis 2-3 Views Lt<br>XR Hip w Pelvis 2-3 Views Rt<br>XR Hip w Pelvis 3-4 Views Bil;<a href="https://drive.google.com/file/d/1qvGj53K5jjx_aN2eWmoPfZS37DPR5NpC/view?usp=drive_link" target="_blank">HIP</a>
HUMERUS;XR Humerus 2+ Views Bil<br>XR Humerus 2+ Views Lt<br>XR Humerus 2+ Views Rt;<a href="https://drive.google.com/file/d/1zKN3iVkIdb_R_JUcBfaoaJ1d3_hmFMxu/view?usp=drive_link" target="_blank">HUMERUS</a>
KNEE;XR Knee 1-2 Views Bil<br>XR Knee 1-2 Views Lt<br>XR Knee 1-2 Views Rt<br>XR Knee 3 Views Bil<br>XR Knee 3 Views Lt<br>XR Knee 3 Views Rt<br>XR Knee 4+ Views Bil<br>XR Knee 4+ Views Lt<br>XR Knee 4+ Views Rt<br>XR Knees Standing AP Bil;<a href="https://drive.google.com/file/d/1wxQiuP696dnTz9GvOtzLbDc3LA7UWUJO/view?usp=drive_link" target="_blank">KNEE</a>
LOWER EXTREMITY, INFANT;XR Lower Extrem Infant 2+ Views Bil<br>XR Lower Extrem Infant 2+ Views Lt<br>XR Lower Extrem Infant 2+ Views Rt;<a href="https://drive.google.com/file/d/1DeEGyi-jg_iH30whJTQ6zblqf7F7UDlB/view?usp=drive_link" target="_blank">INFANT LOWER EXTREMITY</a>
MANDIBLE;XR Mandible 1-3 Views;<a href="https://drive.google.com/file/d/181gisMbGbIWHYiiaixexFTNT_0uf1h5c/view?usp=drive_link" target="_blank">MANDIBLE</a>
METASTATIC BONE SURVEY;XR Bone Survey ltd;<a href="https://drive.google.com/file/d/1yyROnSf4TVUNibjbUy-1EUxRgV5Kh9Kn/view?usp=drive_link" target="_blank">METASTATIC BONE SURVEY</a>
NASAL BONES;XR Nasal Bones 3+ Views;<a href="https://drive.google.com/file/d/1P9hF1iZKLTjB6JR4ttR98lk0iCH6aV-q/view?usp=drive_link" target="_blank">NASAL BONES</a>
PEDIATRIC ABDOMEN;XR Abdomen AP;<a href="https://drive.google.com/file/d/1a0yqgRkn7GjXblQGkxpZhlH7DmWqZayX/view?usp=drive_link" target="_blank">PEDIATRIC ABDOMEN</a>
PEDIATRIC AC JOINTS;XR AC Jnts Wo or W Weights;<a href="https://drive.google.com/file/d/1BMB_T-mmu-D9C36j6mLpyeBxNTWUwxvO/view?usp=drive_link" target="_blank">PEDIATRIC AC JOINTS</a>
PEDIATRIC ANKLE;XR Ankle 3+ Views Bil<br>XR Ankle 3+ Views Lt<br>XR Ankle 3+ Views Rt;<a href="https://drive.google.com/file/d/1zkNp4r8izZ3mkMZBTb1py-1WodUgWvP8/view?usp=drive_link" target="_blank">PEDIATRIC ANKLE</a>
PEDIATRIC CALCANEUS;XR Calcaneus 2+ Views Bil<br>XR Calcaneus 2+ Views Lt<br>XR Calcaneus 2+ Views Rt;<a href="https://drive.google.com/file/d/1x3tAgkBE-F8skCLEDBBk497zFUwjY05y/view?usp=drive_link" target="_blank">PEDIATRIC CALCANEUS</a>
PEDIATRIC CERVICAL SPINE;XR C Spine 2-3 Views;<a href="https://drive.google.com/file/d/1efK6gg_AYnSlcL1NoomUDKibZDZsI4oT/view?usp=drive_link" target="_blank">PEDIATRIC CERVICAL SPINE</a>
PEDIATRIC CHEST;XR Chest 1 View AP or PA<br>XR Chest 2 Views;<a href="https://drive.google.com/file/d/1aGjbUQ7N26ZwEhXX9RW77mnvTUjwSMm0/view?usp=drive_link" target="_blank">PEDIATRIC CHEST</a>
PEDIATRIC ELBOW;XR Elbow 2 Views Bil<br>XR Elbow 2 Views Lt<br>XR Elbow 2 Views Rt<br>XR Elbow 3+ Views Bil<br>XR Elbow 3+ Views Lt<br>XR Elbow 3+ Views Rt;<a href="https://drive.google.com/file/d/1l-8cjb4FiUay_FKNUEB3oJgr9MVDByE2/view?usp=drive_link" target="_blank">PEDIATRIC ELBOW</a>
PEDIATRIC FACIAL BONES;XR Facial Bones 3+ Views;<a href="https://drive.google.com/file/d/1luiRtp4-ujFjpbkVethymI4FlCAmekFd/view?usp=drive_link" target="_blank">PEDIATRIC FACIAL BONES</a>
PEDIATRIC FEMUR;XR Femur 2+ Views Bil<br>XR Femur 2+ Views Lt<br>XR Femur 2+ Views Rt;<a href="https://drive.google.com/file/d/1FOsO58kgCnLBWxqd7huo_rqyqP9U_mMo/view?usp=drive_link" target="_blank">PEDIATRIC FEMUR</a>
PEDIATRIC FINGER;XR Finger 2+ Views Lt<br>XR Finger 2+ Views Rt;<a href="https://drive.google.com/file/d/1OFQHaN4Lu1mzafUl0gRi1boDUSOyFIvY/view?usp=drive_link" target="_blank">PEDIATRIC FINGER</a>
PEDIATRIC FOREARM;XR Forearm 2 Views Bil<br>XR Forearm 2 Views Lt<br>XR Forearm 2 Views Rt;<a href="https://drive.google.com/file/d/1OsY71QIqXaRV0v7hWyuM9VVAsrvmtKS_/view?usp=drive_link" target="_blank">PEDIATRIC FOREARM</a>
PEDIATRIC HAND;XR Hand 3+ Views Bil<br>XR Hand 3+ Views Lt<br>XR Hand 3+ Views Rt;<a href="https://drive.google.com/file/d/1NZ3rHA6ncl1izNsYikjIdOMhAYgfqflr/view?usp=drive_link" target="_blank">PEDIATRIC HAND</a>
PEDIATRIC HIP;XR Hip w Pelvis 2-3 Views Lt<br>XR Hip w Pelvis 2-3 Views Rt<br>XR Hip w Pelvis 3-4 Views Bil;<a href="https://drive.google.com/file/d/1Rth0hSEQsby9fWgImJG2twsSSLenqKGS/view?usp=drive_link" target="_blank">PEDIATRIC HIP</a>
PEDIATRIC KNEE;XR Knee 1-2 Views Bil<br>XR Knee 1-2 Views Lt<br>XR Knee 1-2 Views Rt<br>XR Knee 3 Views Bil<br>XR Knee 3 Views Lt<br>XR Knee 3 Views Rt<br>XR Knee 4+ Views Bil<br>XR Knee 4+ Views Lt<br>XR Knee 4+ Views Rt<br>XR Knees Standing AP Bil;<a href="https://drive.google.com/file/d/1VFgb9ze_3tksGN-qZ2-h21_6JbeA5mXp/view?usp=drive_link" target="_blank">PEDIATRIC KNEE</a>
PEDIATRIC LUMBAR SPINE;XR L Spine 2-3 Views;<a href="https://drive.google.com/file/d/1LPMwsd2BytxxYWunW_UsjjryYZsmoHPQ/view?usp=drive_link" target="_blank">PEDIATRIC LUMBAR SPINE</a>
PEDIATRIC MANDIBLE;XR Mandible 1-3 Views;<a href="https://drive.google.com/file/d/1hV5Jji6tWFcmVlpQHUt_cUI2b1AKVCNP/view?usp=drive_link" target="_blank">PEDIATRIC MANDIBLE</a>
PEDIATRIC ORBITS;XR Eye Foreign Body Bil<br>XR Eye Foreign Body Lt<br>XR Eye Foreign Body Rt<br>XR Orbits 4+ Views;<a href="https://drive.google.com/file/d/1NV9UoGSQ0TWiW3L6pQSfIhKy09rfVDFA/view?usp=drive_link" target="_blank">PEDIATRIC ORBITS</a>
PEDIATRIC PELVIS;XR Pelvis 1-2 Views;<a href="https://drive.google.com/file/d/1wpSBba4EvYFb-6fiJ6CtFU59HJ7pSXLr/view?usp=drive_link" target="_blank">PEDIATRIC PELVIS</a>
PEDIATRIC RIBS;XR Ribs 2 Views Lt<br>XR Ribs 2 Views Rt<br>XR Ribs w PA Chest 3+ Views Lt<br>XR Ribs w PA Chest 3+ Views Rt<br>XR Ribs 3 Views Bil<br>XR Ribs w PA Chest 4+ Views Bil;<a href="https://drive.google.com/file/d/1YDmJowj8SXdE3_I0Bawcsmks2wri0skO/view?usp=drive_link" target="_blank">PEDIATRIC RIBS</a>
PEDIATRIC SCAPULA;XR Scapula Complete Bil<br>XR Scapula Complete Lt<br>XR Scapula Complete Rt;<a href="https://drive.google.com/file/d/1K4vpNI9SsXHrNmT2Hg_dssO8COz2Vg1x/view?usp=drive_link" target="_blank">PEDIATRIC SCAPULA</a>
PEDIATRIC SCOLIOSIS;XR Scoliosis Spine 1 View;<a href="https://drive.google.com/file/d/1pNoEP-UbE4acdrRH6lnfZlU8T7i8D0bb/view?usp=drive_link" target="_blank">PEDIATRIC SCOLIOSIS</a>
PEDIATRIC SHOULDER;XR Shoulder 2+ Views Bil<br>XR Shoulder 2+ Views Lt<br>XR Shoulder 2+ Views Rt;<a href="https://drive.google.com/file/d/1anUhvsWXHgWSctX5gCe93C8kwElmMnWJ/view?usp=drive_link" target="_blank">PEDIATRIC SHOULDER</a>
PEDIATRIC SINUS;XR Sinuses 1-2 Views;<a href="https://drive.google.com/file/d/1O4PYz8_OGCvjvRIkOxrNduCKwPiobgIV/view?usp=drive_link" target="_blank">PEDIATRIC SINUS</a>
PEDIATRIC SKULL;XR Skull 1-3 Views;<a href="https://drive.google.com/file/d/1s_KM6JBFq_rir4dfPbGGapbOMJ8dI9hB/view?usp=drive_link" target="_blank">PEDIATRIC SKULL</a>
PEDIATRIC SOFT TISSUE NECK;XR Neck Soft Tissue;<a href="https://drive.google.com/file/d/1MbKRFXIUGA1DGokRAuMsb-BJ41TWIO8j/view?usp=drive_link" target="_blank">PEDIATRIC SOFT TISSUE NECK</a>
PEDIATRIC STERNUM;XR Sternum 2+ Views;<a href="https://drive.google.com/file/d/1t9AdWzvGgZySmhUgqwSzaXz8zPGp3BcG/view?usp=drive_link" target="_blank">PEDIATRIC STERNUM</a>
PEDIATRIC THORACIC SPINE;XR T Spine 2 Views;<a href="https://drive.google.com/file/d/1RNNL-duRIapx-P2K3a2AGP6RVLvHAvSF/view?usp=drive_link" target="_blank">PEDIATRIC THORACIC SPINE</a>
PEDIATRIC TIB FIB;XR Tibia+Fibula 2 Views Bil<br>XR Tibia+Fibula 2 Views Lt<br>XR Tibia+Fibula 2 Views Rt;<a href="https://drive.google.com/file/d/17fWXOY_FQ7YZu-UBUmvX5QpDYC9b3R66/view?usp=drive_link" target="_blank">PEDIATRIC TIB FIB</a>
PEDIATRIC TOE;XR Toe 2+ Views Bil<br>XR Toe 2+ Views Lt<br>XR Toe 2+ Views Rt;<a href="https://drive.google.com/file/d/1cQhTifgS6XOINM6ed20rBnGgxn1ffCXY/view?usp=drive_link" target="_blank">PEDIATRIC TOE</a>
PEDIATRIC WRIST;XR Wrist 3+ Views Bil<br>XR Wrist 3+ Views Lt<br>XR Wrist 3+ Views Rt;<a href="https://drive.google.com/file/d/1mT8LKh1No153vCFUXsYJZYab3BE07_jl/view?usp=drive_link" target="_blank">PEDIATRIC WRIST</a>
PELVIS;XR Pelvis 1-2 Views;<a href="https://drive.google.com/file/d/17jHDNB7iCtK3CqHkbWA5xxXwL3eBrGgv/view?usp=drive_link" target="_blank">PELVIS</a>
RIBS;XR Ribs 2 Views Lt<br>XR Ribs 2 Views Rt<br>XR Ribs w PA Chest 3+ Views Lt<br>XR Ribs w PA Chest 3+ Views Rt<br>XR Ribs 3 Views Bil<br>XR Ribs w PA Chest 4+ Views Bil;<a href="https://drive.google.com/file/d/1HDQzGl_1LIlaS9kYwJV_5ofDCDkyM7uL/view?usp=drive_link" target="_blank">RIBS</a>
SACROILIAC JOINTS;XR SI Jnts 3+ Views;<a href="https://drive.google.com/file/d/1DozcZA2pa_hdrLzySz6W0Qrf_NaMPbgY/view?usp=drive_link" target="_blank">SACROILIAC JOINTS</a>
SACRUM, COCCYX;XR Sacrum+Coccyx 2+ Views;<a href="https://drive.google.com/file/d/1YUraaUhpAghd9T025YohmgCCncJigfMz/view?usp=drive_link" target="_blank">SACRUM, COCCYX</a>
SCAPULA;XR Scapula Complete Bil<br>XR Scapula Complete Lt<br>XR Scapula Complete Rt;<a href="https://drive.google.com/file/d/1viuNuYNeNYKIBLpHb8DeoPeukFoX5BEd/view?usp=drive_link" target="_blank">SCAPULA</a>
SHOULDER;XR Shoulder 2+ Views Bil<br>XR Shoulder 2+ Views Lt<br>XR Shoulder 2+ Views Rt;<a href="https://drive.google.com/file/d/1Uu-j3-0CbWYo4xOzxldB6Rkg_FE6JLJQ/view?usp=drive_link" target="_blank">SHOULDER</a>
SINUSES;XR Sinuses 1-2 Views<br>XR Sinuses 3+ Views;<a href="https://drive.google.com/file/d/1045--YM7gchPMnNSreOS3tbwVLOldakW/view?usp=drive_link" target="_blank">SINUSES</a>
SKULL, HEAD;XR Skull 1-3 Views<br>XR Skull 4+ Views;<a href="https://drive.google.com/file/d/10n2GXsHsYGSvgdKPhLLV6IB5eFXOOqB0/view?usp=drive_link" target="_blank">SKULL</a>
SOFT TISSUE NECK;XR Neck Soft Tissue;<a href="https://drive.google.com/file/d/1XQQvDQqqNPr4X_Xfzuk_3QcMrCKBh_hO/view?usp=drive_link" target="_blank">SOFT TISSUE NECK</a>
SPINE, CERVICAL;XR C Spine 2-3 Views<br>XR C Spine 4-5 Views<br>XR C Spine 6 or more Views;<a href="https://drive.google.com/file/d/1SXXU0810F0-jmE9PhFdMZOZLHK_oXDOM/view?usp=drive_link" target="_blank">SPINE, CERVICAL</a>
SPINE, LUMBOSACRAL, LS;XR L Spine 2-3 Views<br>XR L Spine 4-5 Views<br>XR L Spine 6+ Views w Bending<br>XR L Spine Bending Only 2-3 Views;<a href="https://drive.google.com/file/d/1GzAb9ZF0HlCiRM6uDUSXTmCj78wTdHD3/view?usp=drive_link" target="_blank">SPINE, LUMBAR</a>
SPINE, SCOLIOSIS;XR Scoliosis Spine 1 View;<a href="https://drive.google.com/file/d/1bQGAU0nq8LRnWTmGDc9EHp1sshZZqfw3/view?usp=drive_link" target="_blank">SCOLIOSIS</a>
SPINE, THORACIC;XR T Spine 2 Views<br>XR T Spine 3 Views<br>XR T Spine 4+ Views;<a href="https://drive.google.com/file/d/136n4L19CtHRLRnQiKJ6rUqDGsr-oaYsf/view?usp=drive_link" target="_blank">SPINE, THORACIC</a>
SPINE, THORACOLUMBAR;XR Thoracolumbar 2 Views;<a href="https://drive.google.com/file/d/1UC4At_lu5KqMIfViwtSFSvbnua-c5Gdv/view?usp=drive_link" target="_blank">THORACOLUMBAR</a>
STERNOCLAVICULAR JOINTS;XR Sternoclavicular Jnts 3+ Views;<a href="https://drive.google.com/file/d/1z0YYvIivZgGLOGxUujWfZ9RKboF_1FjD/view?usp=drive_link" target="_blank">STERNOCLAVICULAR JOINTS</a>
STERNUM;XR Sternum 2+ Views;<a href="https://drive.google.com/file/d/1p3Fn_4TFLSghwSOGDBWI_N9uWCB4MECp/view?usp=drive_link" target="_blank">STERNUM</a>
TEMPOROMANDIBULAR JOINT;XR TMJ Lt<br>XR TMJ Rt<br>XR TMJ Bil;<a href="https://drive.google.com/file/d/1OQdchp9Q_hIBd6rFBlAgBbfUNhmGIIHs/view?usp=drive_link" target="_blank">TMJ</a>
TIB FIB;XR Tibia+Fibula 2 Views Bil<br>XR Tibia+Fibula 2 Views Lt<br>XR Tibia+Fibula 2 Views Rt;<a href="https://drive.google.com/file/d/19BKbU5cGrBBiQQElpT0oJqbD6x1kHuhT/view?usp=drive_link" target="_blank">TIBIA FIBULA</a>
TOE;XR Toe 2+ Views Bil<br>XR Toe 2+ Views Lt<br>XR Toe 2+ Views Rt;<a href="https://drive.google.com/file/d/16-P6cFk-rlqgMKQQWQE5MsO5SplEsPsb/view?usp=drive_link" target="_blank">TOE</a>
UPPER EXTREMITY, INFANT;XR Upper Extrem Infant 2+ Views Lt<br>XR Upper Extrem Infant 2+ Views Rt;<a href="https://drive.google.com/file/d/1A64jFapWlZo00bv4kN5cyxEQa3FQOB6W/view?usp=drive_link" target="_blank">INFANT UPPER EXTREMITY</a>
WRIST;XR Wrist 3+ Views Bil<br>XR Wrist 3+ Views Lt<br>XR Wrist 3+ Views Rt;<a href="https://drive.google.com/file/d/1W9xxWNLZqcRZYBe4lZhm-Xjg5yZt_X0l/view?usp=drive_link" target="_blank">WRIST</a>
